Model,Accuracy,Precision,Recall,F1_Score
Decision Tree,0.8483506586107254,0.7812225321507338,0.8483506586107254,0.7912280156999836
