Model,Accuracy,Precision,Recall,F1_Score
Gradient Boosting,0.8506023192104177,0.7817717187981773,0.8506023192104177,0.7874604819785029
