Model,Accuracy,Precision,Recall,F1_Score
Random Forest,0.8524787030434946,0.8423228100652148,0.8524787030434946,0.7849930440724927
